alt_files,brand,eans,file_urls,files,model,model_2,product,product_lang,product_parent,scrapfly,source,thumb_urls,thumbs,type,url,video
,Precor,,https://precor-help-assets.s3.amazonaws.com/car/bike/UBK+800/304298-101B_UBK800_GSG_ENU.pdf,,UBK 800,,Bikes,en,,,precor.com,,https://help.precor.com/global/Content/Resources/Images/RBK800_P84_270x270.png,Getting Started Guide,https://help.precor.com/global/Content/Cardio/Bikes/UBK_800.htm,
,Precor,,https://precor-help-assets.s3.amazonaws.com/car/bike/UBK+800/304298-161B_UBK800_GSG_ESP.pdf,,UBK 800,,Bikes,en,,,precor.com,,https://help.precor.com/global/Content/Resources/Images/RBK800_P84_270x270.png,Getting Started Guide,https://help.precor.com/global/Content/Cardio/Bikes/UBK_800.htm,
,Precor,,https://precor-help-assets.s3.amazonaws.com/car/bike/UBK+800/304298-151B_UBK800_GSG_JPN.pdf,,UBK 800,,Bikes,en,,,precor.com,,https://help.precor.com/global/Content/Resources/Images/RBK800_P84_270x270.png,Getting Started Guide,https://help.precor.com/global/Content/Cardio/Bikes/UBK_800.htm,
,Precor,,https://precor-help-assets.s3.amazonaws.com/car/bike/UBK+800/UBK800+AG_305026-101B_ENU.pdf,,UBK 800,,Bikes,en,,,precor.com,,https://help.precor.com/global/Content/Resources/Images/RBK800_P84_270x270.png,Getting Started Guide,https://help.precor.com/global/Content/Cardio/Bikes/UBK_800.htm,
,Precor,,https://precor-help-assets.s3.amazonaws.com/car/bike/UBK+800/UBK800_AG_305026-161B_ESP.pdf,,UBK 800,,Bikes,en,,,precor.com,,https://help.precor.com/global/Content/Resources/Images/RBK800_P84_270x270.png,Getting Started Guide,https://help.precor.com/global/Content/Cardio/Bikes/UBK_800.htm,
,Precor,,https://precor-help-assets.s3.amazonaws.com/car/bike/UBK+800/UBK800_AG_305026-151B_JPN.pdf,,UBK 800,,Bikes,en,,,precor.com,,https://help.precor.com/global/Content/Resources/Images/RBK800_P84_270x270.png,Getting Started Guide,https://help.precor.com/global/Content/Cardio/Bikes/UBK_800.htm,
,Precor,,https://precor-help-assets.s3.amazonaws.com/car/bike/RBK+600/ENU_GSG_305385-101.pdf,,RBK 600,,Bikes,en,,,precor.com,,https://help.precor.com/global/Content/Resources/Images/Cardio/RBK 685_Black Pearl_250x250.jpg,Getting Started Guide,https://help.precor.com/global/Content/Cardio/Bikes/RBK_600.htm,
,Precor,,https://precor-help-assets.s3.amazonaws.com/car/bike/RBK+800/305029-101B_RBK800_GSG_ENU.pdf,,RBK 800,,Bikes,en,,,precor.com,,https://help.precor.com/global/Content/Resources/Images/RBK800_P84_270x270.png,Getting Started Guide,https://help.precor.com/global/Content/Cardio/Bikes/RBK_800.htm,
,Precor,,https://precor-help-assets.s3.amazonaws.com/car/bike/RBK+600/FRN_GSG_305385-131.pdf,,RBK 600,,Bikes,en,,,precor.com,,https://help.precor.com/global/Content/Resources/Images/Cardio/RBK 685_Black Pearl_250x250.jpg,Getting Started Guide,https://help.precor.com/global/Content/Cardio/Bikes/RBK_600.htm,
,Precor,,https://precor-help-assets.s3.amazonaws.com/car/bike/RBK+600/NLD_GSG_305385-171.pdf,,RBK 600,,Bikes,en,,,precor.com,,https://help.precor.com/global/Content/Resources/Images/Cardio/RBK 685_Black Pearl_250x250.jpg,Getting Started Guide,https://help.precor.com/global/Content/Cardio/Bikes/RBK_600.htm,
,Precor,,https://precor-help-assets.s3.amazonaws.com/car/bike/RBK+600/ENU_AG_305386-101.pdf,,RBK 600,,Bikes,en,,,precor.com,,https://help.precor.com/global/Content/Resources/Images/Cardio/RBK 685_Black Pearl_250x250.jpg,Getting Started Guide,https://help.precor.com/global/Content/Cardio/Bikes/RBK_600.htm,
,Precor,,https://precor-help-assets.s3.amazonaws.com/car/bike/RBK+600/FRN_AG_305386-131.pdf,,RBK 600,,Bikes,en,,,precor.com,,https://help.precor.com/global/Content/Resources/Images/Cardio/RBK 685_Black Pearl_250x250.jpg,Getting Started Guide,https://help.precor.com/global/Content/Cardio/Bikes/RBK_600.htm,
,Precor,,https://precor-help-assets.s3.amazonaws.com/car/bike/RBK+800/305029-161B_RBK800_GSG_ESP.pdf,,RBK 800,,Bikes,en,,,precor.com,,https://help.precor.com/global/Content/Resources/Images/RBK800_P84_270x270.png,Getting Started Guide,https://help.precor.com/global/Content/Cardio/Bikes/RBK_800.htm,
,Precor,,https://precor-help-assets.s3.amazonaws.com/car/bike/RBK+800/305029-151B_RBK800_GSG_JPN.pdf,,RBK 800,,Bikes,en,,,precor.com,,https://help.precor.com/global/Content/Resources/Images/RBK800_P84_270x270.png,Getting Started Guide,https://help.precor.com/global/Content/Cardio/Bikes/RBK_800.htm,
,Precor,,https://precor-help-assets.s3.amazonaws.com/car/bike/RBK+800/RBK800_AG_305028-101B_ENU.pdf,,RBK 800,,Bikes,en,,,precor.com,,https://help.precor.com/global/Content/Resources/Images/RBK800_P84_270x270.png,Getting Started Guide,https://help.precor.com/global/Content/Cardio/Bikes/RBK_800.htm,
,Precor,,https://precor-help-assets.s3.amazonaws.com/car/bike/RBK+800/RBK800_+AG_305028-161B_ESP.pdf,,RBK 800,,Bikes,en,,,precor.com,,https://help.precor.com/global/Content/Resources/Images/RBK800_P84_270x270.png,Getting Started Guide,https://help.precor.com/global/Content/Cardio/Bikes/RBK_800.htm,
,Precor,,https://precor-help-assets.s3.amazonaws.com/car/bike/RBK+800/RBK800_+AG_305028-151B_JPN.pdf,,RBK 800,,Bikes,en,,,precor.com,,https://help.precor.com/global/Content/Resources/Images/RBK800_P84_270x270.png,Getting Started Guide,https://help.precor.com/global/Content/Cardio/Bikes/RBK_800.htm,
,Precor,,https://precor-help-assets.s3.amazonaws.com/car/bike/RBK+600/NLD_AG_305386-171.pdf,,RBK 600,,Bikes,en,,,precor.com,,https://help.precor.com/global/Content/Resources/Images/Cardio/RBK 685_Black Pearl_250x250.jpg,Getting Started Guide,https://help.precor.com/global/Content/Cardio/Bikes/RBK_600.htm,
,Precor,,https://precor-help-assets.s3.amazonaws.com/car/bike/RBK+600/ENU_GSG_305385-101.pdf,,UBK 600,,Bikes,en,,,precor.com,,https://help.precor.com/global/Content/Resources/Images/Cardio/UBK 685_Black Pearl_200x275.png,Getting Started Guide,https://help.precor.com/global/Content/Cardio/Bikes/UBK_600.htm,
,Precor,,https://precor-help-assets.s3.amazonaws.com/car/bike/RBK+600/FRN_GSG_305385-131.pdf,,UBK 600,,Bikes,en,,,precor.com,,https://help.precor.com/global/Content/Resources/Images/Cardio/UBK 685_Black Pearl_200x275.png,Getting Started Guide,https://help.precor.com/global/Content/Cardio/Bikes/UBK_600.htm,
,Precor,,https://precor-help-assets.s3.amazonaws.com/car/bike/RBK+600/NLD_GSG_305385-171.pdf,,UBK 600,,Bikes,en,,,precor.com,,https://help.precor.com/global/Content/Resources/Images/Cardio/UBK 685_Black Pearl_200x275.png,Getting Started Guide,https://help.precor.com/global/Content/Cardio/Bikes/UBK_600.htm,
,Precor,,https://precor-help-assets.s3.amazonaws.com/car/bike/RBK+600/ENU_AG_305386-101.pdf,,UBK 600,,Bikes,en,,,precor.com,,https://help.precor.com/global/Content/Resources/Images/Cardio/UBK 685_Black Pearl_200x275.png,Getting Started Guide,https://help.precor.com/global/Content/Cardio/Bikes/UBK_600.htm,
,Precor,,https://precor-help-assets.s3.amazonaws.com/car/bike/RBK+600/FRN_AG_305386-131.pdf,,UBK 600,,Bikes,en,,,precor.com,,https://help.precor.com/global/Content/Resources/Images/Cardio/UBK 685_Black Pearl_200x275.png,Getting Started Guide,https://help.precor.com/global/Content/Cardio/Bikes/UBK_600.htm,
,Precor,,https://precor-help-assets.s3.amazonaws.com/car/bike/RBK+600/NLD_AG_305386-171.pdf,,UBK 600,,Bikes,en,,,precor.com,,https://help.precor.com/global/Content/Resources/Images/Cardio/UBK 685_Black Pearl_200x275.png,Getting Started Guide,https://help.precor.com/global/Content/Cardio/Bikes/UBK_600.htm,
,Precor,,https://precor-help-assets.s3.amazonaws.com/car/trm/TRM+800/ENU_TRM_305033-101_GSG.pdf,,TRM 800,,Treadmill,en,,,precor.com,,https://help.precor.com/global/Content/Resources/Images/Cardio/TRM-800-p31_239x239.png,Getting Started Guide,https://help.precor.com/global/Content/Cardio/Treadmill/TRM_800.htm,
,Precor,,https://precor-help-assets.s3.amazonaws.com/car/trm/TRM+600-700/TRM_6-700_AG_ENU_305285-101D.pdf,,TRM 600,,Treadmill,en,,,precor.com,,https://help.precor.com/global/Content/Resources/Images/Precor_TRM700_P84_300x300.png,Assembly Guide,https://help.precor.com/global/Content/Cardio/Treadmill/TRM_600_700.htm,
,Precor,,https://precor-help-assets.s3.amazonaws.com/car/trm/TRM+600-700/TRM_6-700_AG_ENU_305285-101D.pdf,,TRM 700,,Treadmill,en,,,precor.com,,https://help.precor.com/global/Content/Resources/Images/Precor_TRM700_P84_300x300.png,Assembly Guide,https://help.precor.com/global/Content/Cardio/Treadmill/TRM_600_700.htm,
,Precor,,https://precor-help-assets.s3.amazonaws.com/car/trm/TRM+600-700/TRM+6-700+AG_FRN_305285-131C.pdf,,TRM 600,,Treadmill,en,,,precor.com,,https://help.precor.com/global/Content/Resources/Images/Precor_TRM700_P84_300x300.png,Assembly Guide,https://help.precor.com/global/Content/Cardio/Treadmill/TRM_600_700.htm,
,Precor,,https://precor-help-assets.s3.amazonaws.com/car/trm/TRM+600-700/TRM+6-700+AG_FRN_305285-131C.pdf,,TRM 700,,Treadmill,en,,,precor.com,,https://help.precor.com/global/Content/Resources/Images/Precor_TRM700_P84_300x300.png,Assembly Guide,https://help.precor.com/global/Content/Cardio/Treadmill/TRM_600_700.htm,
,Precor,,https://precor-help-assets.s3.amazonaws.com/car/trm/TRM+600-700/TRM+6-700+AG_PTI_305285-251C.pdf,,TRM 600,,Treadmill,en,,,precor.com,,https://help.precor.com/global/Content/Resources/Images/Precor_TRM700_P84_300x300.png,Assembly Guide,https://help.precor.com/global/Content/Cardio/Treadmill/TRM_600_700.htm,
,Precor,,https://precor-help-assets.s3.amazonaws.com/car/trm/TRM+800/FRN_TRM_305033-131_GSG.pdf,,TRM 800,,Treadmill,en,,,precor.com,,https://help.precor.com/global/Content/Resources/Images/Cardio/TRM-800-p31_239x239.png,Getting Started Guide,https://help.precor.com/global/Content/Cardio/Treadmill/TRM_800.htm,
,Precor,,https://precor-help-assets.s3.amazonaws.com/car/trm/TRM+800/NLD_TRM_305033-171_GSG.pdf,,TRM 800,,Treadmill,en,,,precor.com,,https://help.precor.com/global/Content/Resources/Images/Cardio/TRM-800-p31_239x239.png,Getting Started Guide,https://help.precor.com/global/Content/Cardio/Treadmill/TRM_800.htm,
,Precor,,https://precor-help-assets.s3.amazonaws.com/car/trm/TRM+800/ENU_TRM_800_305032-101_AG.pdf,,TRM 800,,Treadmill,en,,,precor.com,,https://help.precor.com/global/Content/Resources/Images/Cardio/TRM-800-p31_239x239.png,Getting Started Guide,https://help.precor.com/global/Content/Cardio/Treadmill/TRM_800.htm,
,Precor,,https://precor-help-assets.s3.amazonaws.com/car/trm/TRM+800/FRN_TRM_800_305032-131_AG.pdf,,TRM 800,,Treadmill,en,,,precor.com,,https://help.precor.com/global/Content/Resources/Images/Cardio/TRM-800-p31_239x239.png,Getting Started Guide,https://help.precor.com/global/Content/Cardio/Treadmill/TRM_800.htm,
,Precor,,https://precor-help-assets.s3.amazonaws.com/car/trm/TRM+800/NLD_TRM_800_305032_171_AG.pdf,,TRM 800,,Treadmill,en,,,precor.com,,https://help.precor.com/global/Content/Resources/Images/Cardio/TRM-800-p31_239x239.png,Getting Started Guide,https://help.precor.com/global/Content/Cardio/Treadmill/TRM_800.htm,
,Precor,,https://precor-help-assets.s3.amazonaws.com/car/trm/TRM+600-700/TRM+6-700+AG_PTI_305285-251C.pdf,,TRM 700,,Treadmill,en,,,precor.com,,https://help.precor.com/global/Content/Resources/Images/Precor_TRM700_P84_300x300.png,Assembly Guide,https://help.precor.com/global/Content/Cardio/Treadmill/TRM_600_700.htm,
,Precor,,https://precor-help-assets.s3.amazonaws.com/car/trm/TRM+600-700/TRM+6-700+GSG_ENU_305284-101B.pdf,,TRM 600,,Treadmill,en,,,precor.com,,https://help.precor.com/global/Content/Resources/Images/Precor_TRM700_P84_300x300.png,Assembly Guide,https://help.precor.com/global/Content/Cardio/Treadmill/TRM_600_700.htm,
,Precor,,https://precor-help-assets.s3.amazonaws.com/car/trm/TRM+600-700/TRM+6-700+GSG_ENU_305284-101B.pdf,,TRM 700,,Treadmill,en,,,precor.com,,https://help.precor.com/global/Content/Resources/Images/Precor_TRM700_P84_300x300.png,Assembly Guide,https://help.precor.com/global/Content/Cardio/Treadmill/TRM_600_700.htm,
,Precor,,https://precor-help-assets.s3.amazonaws.com/car/trm/TRM+600-700/TRM+6-700+GSG_FRN_305284-131B.pdf,,TRM 600,,Treadmill,en,,,precor.com,,https://help.precor.com/global/Content/Resources/Images/Precor_TRM700_P84_300x300.png,Assembly Guide,https://help.precor.com/global/Content/Cardio/Treadmill/TRM_600_700.htm,
,Precor,,https://precor-help-assets.s3.amazonaws.com/car/trm/TRM+600-700/TRM+6-700+GSG_FRN_305284-131B.pdf,,TRM 700,,Treadmill,en,,,precor.com,,https://help.precor.com/global/Content/Resources/Images/Precor_TRM700_P84_300x300.png,Assembly Guide,https://help.precor.com/global/Content/Cardio/Treadmill/TRM_600_700.htm,
,Precor,,https://precor-help-assets.s3.amazonaws.com/car/trm/TRM+600-700/TRM+6-700+GSG_PTI_305284-251B.pdf,,TRM 600,,Treadmill,en,,,precor.com,,https://help.precor.com/global/Content/Resources/Images/Precor_TRM700_P84_300x300.png,Assembly Guide,https://help.precor.com/global/Content/Cardio/Treadmill/TRM_600_700.htm,
,Precor,,https://precor-help-assets.s3.amazonaws.com/car/trm/TRM+600-700/TRM+6-700+GSG_PTI_305284-251B.pdf,,TRM 700,,Treadmill,en,,,precor.com,,https://help.precor.com/global/Content/Resources/Images/Precor_TRM700_P84_300x300.png,Assembly Guide,https://help.precor.com/global/Content/Cardio/Treadmill/TRM_600_700.htm,
